id,bloque,promesa,estado,severidad,verificacion,esfuerzo,lote,rama,dueno,autoridad_aceptacion,firmado_por,fecha_firma,evidencia_prod,archivo
SWEEP-MI-APRENDIZAJE-01,B4 A02,"""Mi Aprendizaje — rutas y cursos asignados"": la próxima semana las directoras entran y ven sus rutas y cursos.",CONDITIONAL,P0,1-agent,XL,B9b,DATOS — sin merge,SIN ASIGNAR — BLOQUEANTE,Onboarding,,,PENDIENTE,The only thing that creates the Santa Marta learning content is the UNTRACKED script tree scripts/demo/seed-sm/ (`git ls-files scripts/demo` returns nothing; git status shows `?? s
SWEEP-MI-APRENDIZAJE-02,B4 A02,"""con el avance visible por módulo"" dentro de un curso.",READY,NONE,1-agent,,,,,,,,n/a,pages/student/course/[courseId].tsx:604-620 renders each module header with a live per-module counter: `Módulo {module.order_number}: {module.title}` and `{module.lessons.filter(l 
SWEEP-MI-APRENDIZAJE-03,B4 A02,"""la formación de cada equipo"" — un docente inscrito abre su curso y ve el contenido.",BROKEN,P1,1-agent,M,BACKLOG-P1,,,,,,PENDIENTE,"The only student-facing SELECT policy on lessons resolves the course through modules: baseline.sql:20734-20737 `CREATE POLICY ""lessons_student_view"" ON public.lessons FOR SELECT TO"
SWEEP-MI-APRENDIZAJE-04,B4 A02,"""rutas ... con el avance visible"" — la ruta muestra cuánto lleva avanzado cada persona.",BROKEN,P1,1-agent,S,BACKLOG-P1,,,,,,PENDIENTE,"Path progress is whole-courses-completed / total-courses, with no partial credit. lib/services/learningPathsService.ts:481-494: `const completedCourses = (enrollments||[]).filter(e"
SWEEP-MI-APRENDIZAJE-05,B4 A02,"Dashboard de Líder de Red: ""Tasa Promedio 13%"", ""Tiempo Total 50h 45m"" y el panel de Rutas de Aprendizaje.",BROKEN,P0,1-lens,L,B6d,fix/lp-views,Brent + agente BD,Madre Superiora,,,PENDIENTE,Three relations the report surfaces read exist in NO migration. Grepping user_learning_path_summary / learning_path_performance_summary / learning_path_daily_summary across supabas
SWEEP-MI-APRENDIZAJE-06,B4 A02,"La Madre Superiora, como Líder de Red, ve el panel de Rutas de Aprendizaje de la red.",REFUTED,NONE,1-lens,,,,,,,,n/a,"pages/reports.tsx:377 puts `{ id: 'learning-paths', label: 'Rutas de Aprendizaje', icon: '🗺️' }` in the tab bar with no role filter — the tab array at :376-382 renders for every ro"
SWEEP-MI-APRENDIZAJE-07,B4 A02,"""Tiempo Total 50h 45m"" y la columna por usuario ""Tiempo"" del reporte.",BROKEN,P1,1-agent,L,BACKLOG-P1,,,,,,PENDIENTE,"The number shown on stage comes from a column no runtime code writes. Grepping total_time_spent_seconds across pages/, lib/, components/ and supabase/migrations/ returns only schem"
SWEEP-MI-APRENDIZAJE-08,B4 A02,Los resúmenes de progreso de rutas se mantienen al día (los cron jobs que agregan el avance).,BROKEN,P1,1-agent,M,BACKLOG-P1,,,,,,PENDIENTE,"vercel.json registers exactly four crons — /api/cron/zoom-ticker, /api/cron/zoom-reconcile, /api/cron/recovery-outbox, /api/cron/auth-retention — and on main only the first two (`g"
SWEEP-MI-APRENDIZAJE-09,B4 A02,Las rutas y asignaciones de cada colegio están protegidas (RLS por colegio; dato sensible bajo Ley 21.719).,BROKEN,P0,2-lens,L,B2b,fix/rls-anon,Brent + agente BD,Privacidad,,,PENDIENTE,"public.learning_paths and public.learning_path_courses have RLS switched OFF entirely — there is no `ALTER TABLE ... ENABLE ROW LEVEL SECURITY` for either in baseline.sql, no CREAT"
SWEEP-MI-APRENDIZAJE-10,B4 A02,"""45 Total Cursos"" en el dashboard de red.",BROKEN,P2,1-agent,S,BACKLOG-P2,,,,,,PENDIENTE,"pages/reports.tsx:472-475 labels `overviewData.summary.total_courses` as ""Total Cursos"". That value is built in pages/api/reports/overview.ts by summing each user's enrollment coun"
SWEEP-MI-APRENDIZAJE-11,B4 A02,"Nav ""Mis Tareas — Tareas de todas mis comunidades"".",BROKEN,P1,1-agent,M,BACKLOG-P1,,,,,,PENDIENTE,components/layout/Sidebar.tsx:144-149 defines the item exactly as promised. But pages/mi-aprendizaje/tareas.tsx:66 loads only `groupAssignmentsV2Service.getGroupAssignmentsForUser(
SWEEP-MI-APRENDIZAJE-12,B4 A02,El porcentaje de avance que ve la docente y el que ve la directora son el mismo número.,BROKEN,P2,1-agent,M,BACKLOG-P2,,,,,,PENDIENTE,"Three independent implementations answer ""is this lesson complete?"" and they disagree for a lesson with zero blocks. (1) pages/api/my-courses.ts:96-100: `if (totalBlocks === 0) { /"
SWEEP-MI-APRENDIZAJE-13,B4 A02,"""Mis Cursos"" carga rápido en el hardware antiguo de los colegios.",BROKEN,P2,1-agent,M,BACKLOG-P2,,,,,,PENDIENTE,pages/api/my-courses.ts recomputes every course's progress from scratch on each page load with a sequential N+1 nested inside a fan-out. :88 `for (const lesson of lessons || [])` a
A03-1,B4 A03,"La comunidad de crecimiento con sus catorce miembros, su nombre y su feed.",CONDITIONAL,P0,1-agent,M,B7b,fix/feed-srv,Brent,Directora,,,PENDIENTE,"The surface exists and is coherent: /Users/brentcurtis/dev/fne-lms/pages/community/workspace.tsx:546-722 renders the community banner (h1 at :869), the member panel (:562-655) and "
A03-2,B4 A03,"El nombre de arriba lo pone el equipo, como un grupo de WhatsApp.",BROKEN,P0,2-lens,S,B7a,fix/ws-name,Brent,Directora,,,PENDIENTE,Display works: pages/community/workspace.tsx:869 renders currentWorkspace.custom_name || currentWorkspace.name. The rename affordance is shown to any community member — canEditWork
A03-3,B4 A03,"El feed: un miembro publica, lo que se conversa queda escrito donde todos lo ven, con reacciones (5 Me gusta), comentarios, fecha relativa (hace alred",BROKEN,P0,2-lens,L,B7b,fix/feed-srv,Brent,Directora,,,PENDIENTE,Every visual element the presenter named is real code. components/feed/PostCard.tsx:143 applies line-clamp-3 and :148-153 renders the 'Ver más'/'Ver menos' toggle above 150 chars; 
A03-4,B4 A03,"Cinco pestañas existen y funcionan: Vista General, Reuniones, Sesiones, Documentos, Mensajes.",CONDITIONAL,P1,1-agent,M,B9b,DATOS — sin merge,SIN ASIGNAR — BLOQUEANTE,Onboarding,,,PENDIENTE,"All five tabs are declared verbatim and unconditionally shown: components/workspace/WorkspaceTabNavigation.tsx:28-32 ({overview:'Vista General'}, {meetings:'Reuniones'}, {sessions:"
A03-5,B4 A03,Miembros de la Comunidad (14) — un listado desplegable de miembros con el conteo real.,BROKEN,P1,1-agent,M,BACKLOG-P1,,,,,,PENDIENTE,"The panel itself is correct and, unusually for this codebase, well built. pages/community/workspace.tsx:562-655: heading 'Miembros de la Comunidad' (:568-570), the count `({members"
A03-6,B4 A03,"El buscador «Buscar en documentos, m…» funciona en todo el espacio de trabajo.",BROKEN,P1,1-agent,M,BACKLOG-P1,,,,,,PENDIENTE,"The input is real and always visible: pages/community/workspace.tsx:838-846 passes searchValue/onSearchChange/searchPlaceholder='Buscar en documentos, mensajes, reuniones...' into "
A03-7,B4 A03,"El menú lateral mostrado: Mi Panel, Mi Perfil, Mi Aprendizaje, Espacio Colaborativo (Vista General / Sesiones), Procesos de Cambio, Comunidades, Usuar",CONDITIONAL,P1,1-agent,S,B9b,DATOS — sin merge,SIN ASIGNAR — BLOQUEANTE,Onboarding,,,PENDIENTE,"All nine labels exist verbatim in components/layout/Sidebar.tsx NAVIGATION_ITEMS: Mi Panel :117-122 (/dashboard, ungated), Mi Perfil :124-129 (/profile, ungated), Mi Aprendizaje :1"
A04-1,B4 A04,"Cada reunion de la comunidad se documenta en tres pasos: informacion, resumen, y acuerdos y compromisos.",BROKEN,P0,2-lens,M,B3a,fix/meet-save,Brent,Directora,,,PENDIENTE,"The 3-step wizard exists exactly as described: `STEPS` = Informacion / Resumen / 'Acuerdos y Compromisos' at components/meetings/MeetingDocumentationModal.tsx:84-102, rendered as a"
A04-2,B4 A04,"Un ACUERDO es del grupo: ""No tiene dueno, es del grupo.""",BROKEN,P0,2-lens,S,B3a,fix/meet-save,Brent,Directora,,,PENDIENTE,"The OWNERLESS MODELLING IS CORRECT. `meeting_agreements` (supabase/migrations/00000000000000_baseline.sql:9235-9246) has columns id, meeting_id, agreement_text, order_index, catego"
A04-3,B4 A04,"El sistema no te deja hacer trampa: exige un responsable con nombre y apellido, una fecha de vencimiento, un estado (pendiente/en progreso/completado/",BROKEN,P0,2-lens,L,B3a,fix/meet-save,Brent,Directora,,,PENDIENTE,"UI: NO enforcement. `validateStep(MeetingFormStep.AGREEMENTS)` returns `true` unconditionally with the comment 'Agreements, commitments and tasks are optional' (MeetingDocumentatio"
A04-4,B4 A04,Y te muestra en la cara si esta a tres dias o si esta vencido hace cinco.,BROKEN,P1,1-agent,M,BACKLOG-P1,,,,,,PENDIENTE,"The proximity display is implemented: components/meetings/TaskTracker.tsx:176-177 computes `daysUntilDue`/`isItemOverdue` and :230-243 renders the date with a suffix -- 'Hoy', 'Nd'"
A04-5,B4 A04,"Se aprieta 'Finalizar y enviar' y el resumen completo -con cada acuerdo y cada compromiso, con su responsable y su plazo- le llega POR CORREO A TODA L",BROKEN,P0,2-lens,L,B3b,fix/mail-truth,Brent,Directora,,,PENDIENTE,"The button label is verbatim ('Finalizar y enviar', components/meetings/FinalizeMeetingDialog.tsx:206) and the flow is real: POST /api/meetings/[id]/finalize atomically flips borra"
A04-6,B4 A04,"'Nueva Reunion', listado con busqueda, filtros y orden por Fecha/Titulo/Estado/Creacion; estados de reunion (ej. 'Programada'); detalle con fecha, dur",BROKEN,P1,1-agent,S,BACKLOG-P1,,,,,,PENDIENTE,"MOST OF IT IS REAL. 'Nueva Reunion' button at pages/community/workspace.tsx:1128-1137 (gated by canUserManageMeetings, which returns true for anyone with an active role, utils/meet"
A04-7,B4 A04,Autoguardado del acta de la reunion (ruta /api/meetings/[id]/autosave).,BROKEN,P1,1-agent,M,BACKLOG-P1,,,,,,PENDIENTE,The route itself is well built: optimistic concurrency on `version` with a status='borrador' guard on the UPDATE that closes the autosave/finalize race (pages/api/meetings/[id]/aut
A05-1,B4 A05,"La pestaña Sesiones dentro del espacio de la comunidad lista ""Proximas Sesiones"" y ""Sesiones Pasadas"" con estados reales: Programada, Completada, Canc",BROKEN,P0,2-lens,L,B4a,fix/sess-route,Brent,Directora,,,PENDIENTE,"The tab exists and is wired: components/workspace/WorkspaceSessionsTab.tsx:161-173 splits upcoming/past, :335 and :354 render the exact headings ""Próximas Sesiones"" / ""Sesiones Pas"
A05-2,B4 A05,"Un boton ""Unirse a la reunion"" en las sesiones programadas.",BROKEN,P0,2-lens,M,B4c,fix/attendees,Brent,Directora,,,PENDIENTE,The control exists and its render predicate is correct: components/workspace/WorkspaceSessionsTab.tsx:32-37 (has_meeting AND not closed by source) and :297-311 render the anchor to
A05-3,B4 A05,"El consultor ve el espacio de TODAS las comunidades de sus colegios, aunque no sea miembro de ninguna.",BROKEN,P0,2-lens,M,B4b,fix/consultor,Brent,Consultor,,,PENDIENTE,"The data layer supports the promise: utils/workspaceUtils.ts:220-245 (getCommunitiesForConsultant) selects growth_communities .in('school_id', <the consultor's school_ids>) with no"
A05-4,B4 A05,"Puede ser el quien levante el acta y deje los compromisos escritos durante su visita, en vivo, mientras conversan.",BROKEN,P0,2-lens,M,B4b,fix/consultor,Brent,Consultor,,,PENDIENTE,Blocked at the door by the same gate as A05-3: middleware.ts:172-190 redirects the consultora off /community/workspace before the Reuniones tab renders. Past that gate the picture 
A05-5,B4 A05,Las sesiones del asesor y las reuniones de la comunidad son dos sistemas distintos. Un compromiso no cuelga de una asesoria.,READY,NONE,1-agent,,,,,,,,n/a,"Confirmed at the schema level. consultor_sessions (supabase/migrations/00000000000000_baseline.sql:7703-7745) carries school_id, growth_community_id, meeting_link/meeting_provider "
A05-6,B4 A05,El consultor marca asistencia y deja su informe (pages/consultor/sessions/).,BROKEN,P0,2-lens,M,B4c,fix/attendees,Brent,Consultor,,,PENDIENTE,Half of it works. The pages exist and admit the consultora: pages/consultor/sessions/index.tsx:142-149 (consultor|admin) and pages/consultor/sessions/[id].tsx:118 (consultor|admin|
A06-1,B4 A06-A08,El flujo de cinco pasos existe como recorrido coherente: Contexto Transversal -> Plan de Migracion -> Instrumento y calibracion -> Aplicacion docente ,BROKEN,P1,1-agent,S,BACKLOG-P1,,,,,,PENDIENTE,"All five surfaces exist. Step 1: /Users/brentcurtis/dev/fne-lms/pages/school/transversal-context/index.tsx + edit.tsx, sidebar entry components/layout/Sidebar.tsx:274-281 (restrict"
A07-1,B4 A06-A08,"Contexto Transversal captura: total de estudiantes, que niveles educativos imparte la escuela (10 seleccionados en la demo) y cursos por nivel. Muestr",CONDITIONAL,P1,1-agent,S,B9b,DATOS — sin merge,SIN ASIGNAR — BLOQUEANTE,Onboarding,,,PENDIENTE,All three data points and the timestamp are implemented exactly as promised: total_students card at /Users/brentcurtis/dev/fne-lms/pages/school/transversal-context/index.tsx:645-66
A07-2,B4 A06-A08,Dos estados de completitud mostrados como badges: 'Contexto Estructural: Completado' y 'Preguntas de Contexto: Completado'.,CONDITIONAL,P2,1-agent,S,B9b,DATOS — sin merge,SIN ASIGNAR — BLOQUEANTE,Onboarding,,,PENDIENTE,Both badges exist with exactly those labels: /Users/brentcurtis/dev/fne-lms/pages/school/transversal-context/index.tsx:596-620 renders 'Contexto Estructural' (:600) and 'Preguntas 
A07-3,B4 A06-A08,"'El ano de implementacion determina el nivel de madurez esperado: Ano 1 Incipiente, Ano 5 Consolidado.'",BROKEN,P1,1-agent,S,BACKLOG-P1,,,,,,PENDIENTE,TWO CONTRADICTORY MAPPINGS EXIST. (1) The sentence the directoras heard is display-only text in /Users/brentcurtis/dev/fne-lms/pages/school/transversal-context/index.tsx:748-752: y
A08-1,B4 A06-A08,"Plan de Migracion muestra cinco anillos de 'Proyeccion de Transformacion': 44 / 63 / 81 / 94 / 100 %, con el ano actual destacado.",BROKEN,P0,2-lens,M,B6a,fix/plan-pct,Brent,Directora,,,PENDIENTE,"THE ARITHMETIC IS REAL, NOT HARDCODED — and that is what exposes the bug. /Users/brentcurtis/dev/fne-lms/pages/school/migration-plan/index.tsx:307-323: `calculateTransformationPerc"
A08-2,B4 A06-A08,"'GT = 100% transformado desde el inicio' y 'GI por ano' editable: Ano1 10%, Ano2 25%, Ano3 50%, Ano4 75%, Ano5 100%.",BROKEN,P1,1-agent,M,BACKLOG-P1,,,,,,PENDIENTE,The copy and the controls are exactly as promised: the literal string 'GT = 100% transformado desde el inicio' at /Users/brentcurtis/dev/fne-lms/pages/school/migration-plan/index.t
A08-3,B4 A06-A08,"La matriz GT/GI: nivel por nivel, ano por ano, define si un curso es Generacion Tractor o Generacion Innova.",BROKEN,P1,1-agent,M,BACKLOG-P1,,,,,,PENDIENTE,"The matrix itself is genuine and persisted: rows x 5 year columns at /Users/brentcurtis/dev/fne-lms/pages/school/migration-plan/index.tsx:704-753, toggle at :230-243, save at :246-"
A08-4,B4 A06-A08,'Los niveles de Medio Menor a Segundo Basico son SIEMPRE GT y NO PUEDEN MODIFICARSE.',REFUTED,NONE,2-lens,,,,,,,,n/a,"Two of three layers hold; the data layer is wide open. UI: /Users/brentcurtis/dev/fne-lms/pages/school/migration-plan/index.tsx:720 computes isLocked from ab_grades.is_always_gt, :"
A08-5,B4 A06-A08,'Cada vez que se toca esa matriz queda registrado en el historial: quien la cambio y cuando.',READY,P2,1-agent,,,,,,,,n/a,A real audit table exists and is written on every matrix save that changes anything. Table: school_change_history (supabase/migrations/00000000000000_baseline.sql:10604-10618) with
A08-6,B4 A06-A08,"'Cuando llega una directora nueva, el plan no empieza de cero' — durabilidad ante rotacion de directoras.",READY,P2,1-agent,,,,,,,,n/a,"Every artefact in this domain is keyed by school, never by user. ab_migration_plan has columns school_id/year_number/grade_id/generation_type only — no owner column (supabase/migra"
A09-1,B4 A09,La Fundacion construye y publica el instrumento. Version 1.1.0.,CONDITIONAL,P1,1-agent,M,B9b,DATOS — sin merge,SIN ASIGNAR — BLOQUEANTE,Onboarding,,,PENDIENTE,"Versioning IS real dotted semver stored as text (supabase/migrations/00000000000000_baseline.sql:6339 `version text NOT NULL`; UNIQUE(area,grade_id,version) at :11702). Creation se"
A09-2,B4 A09,"Constructor de Evaluaciones: nombre, AREA, VERSION, ESTADO, ACTUALIZADO, acciones (editar, duplicar); pestanas Activos / Archivados; filtros por estad",READY,P2,1-agent,,,,,,,,n/a,Every promised element exists at pages/admin/assessment-builder/index.tsx. Table head renders exactly Nombre / Área / Versión / Estado / Actualizado / Acciones (:514-531). Rows ren
A09-3,B4 A09,"La escala de madurez tiene exactamente cinco niveles: 0 Por Comenzar, 1 Incipiente, 2 En Desarrollo, 3 Avanzado, 4 Consolidado.",READY,P2,1-agent,,,,,,,,n/a,"types/assessment-builder.ts:61-67 defines MATURITY_LEVELS as exactly five entries with exactly those labels: {0,'Por Comenzar'},{1,'Incipiente'},{2,'En Desarrollo'},{3,'Avanzado'},"
A09-4,B4 A09,"Todo indicador pertenece a una de exactamente cinco categorias: Cobertura, Frecuencia, Profundidad, Traspaso, Detalle.",READY,NONE,1-agent,,,,,,,,n/a,"Enforced at all four layers with no drift. DB: `CONSTRAINT assessment_indicators_category_check CHECK (category = ANY (ARRAY['cobertura','frecuencia','profundidad','traspaso','deta"
A09-5,B4 A09,Los niveles esperados se fijan por ano y por generacion (ano 1-5 y GT/GI) — la pantalla de expectativas.,CONDITIONAL,P1,1-agent,M,B9b,DATOS — sin merge,SIN ASIGNAR — BLOQUEANTE,Onboarding,,,PENDIENTE,The screen is real and correctly shaped. Schema: assessment_year_expectations carries year_1_expected..year_5_expected plus matching *_expected_unit columns and `generation_type pu
A09-6,B4 A09,Publicar una nueva version no altera retroactivamente las evaluaciones ya aplicadas.,BROKEN,P0,2-lens,L,B5,fix/snapshot,Brent,Docente,,,PENDIENTE,"The snapshot is mutated in place, and applied evaluations read that exact row. Chain of evidence: (1) `assessment_instances.template_snapshot_id uuid NOT NULL` FKs to assessment_te"
A09-7,B4 A09,Las acciones de archivar y duplicar funcionan.,BROKEN,P1,1-agent,S,BACKLOG-P1,,,,,,PENDIENTE,"DUPLICATE works and is thorough. pages/api/admin/assessment-builder/templates/[templateId]/duplicate.ts creates a new draft (:87-98), copies objectives with an id map (:131-152), m"
A06-2,B4 A09-A10,"Asignar un docente a un curso es lo que crea sus evaluaciones. NO HAY UN SEGUNDO TRAMITE, ni una planilla que alguien tenga que llenar aparte.",CONDITIONAL,P0,1-agent,S,B9a,fix/assign-rec,Brent,Onboarding,,,PENDIENTE,"The one-step path is real: pages/api/school/transversal-context/assign-docente.ts:98-110 inserts the course assignment and :121-127 immediately calls triggerAutoAssignment, which c"
A06-3,B4 A09-A10,"Aplicacion docente: evidencia por indicador, CON AUTOGUARDADO.",BROKEN,P1,1-lens,M,BACKLOG-P1,,,,,,PENDIENTE,"AUTOSAVE EXISTS: pages/docente/assessments/[instanceId]/index.tsx:218-225 debounces 2s after any change and PUTs to /api/docente/assessments/[instanceId]/responses (:256-260), whic"
A09-10,B4 A09-A10,"El docente responde la suya, POR CURSO y POR GENERACION.",BROKEN,P1,1-lens,M,BACKLOG-P1,,,,,,PENDIENTE,"POR GENERACIÓN is correct: generation_type is resolved from ab_migration_plan by (school_id, year_number, grade_id) at lib/services/assessment-builder/autoAssignmentService.ts:121-"
A09-11,B4 A09-A10,"La categoria cobertura funciona como una compuerta: si el docente responde que NO, la plataforma CIERRA EL RESTO DE LA PRACTICA y anota 'esta practica",BROKEN,P0,2-lens,S,B1c,fix/gate-score,Brent,Docente,,,PENDIENTE,"(a) HIDING — WORKS. components/assessment/ModuleCard.tsx:32-51 takes the indicators active this year, sorts by displayOrder, and if the first is category 'cobertura' with coverageV"
A09-8,B4 A09-A10,"""Mis Evaluaciones"": '3 evaluaciones asignadas', agrupadas POR COMPLETAR / COMPLETADAS, cada una con version (v1.1.0), estado (Pendiente / En Progreso ",BROKEN,P1,1-agent,M,BACKLOG-P1,,,,,,PENDIENTE,Every enumerated element is really implemented and reads real data: header 'N evaluación(es) asignada(s)' pages/docente/assessments/index.tsx:164; grouping 'Por Completar (N)' :205
A09-9,B4 A09-A10,La insignia 'Nueva version — el instrumento fue actualizado desde tu ultima evaluacion' y un chip 'Actualizado'.,BROKEN,P1,1-agent,M,BACKLOG-P1,,,,,,PENDIENTE,The UI is there and the copy is verbatim: chip 'Actualizado' at pages/docente/assessments/index.tsx:293-298 and the line 'Nueva versión — el instrumento fue actualizado desde tu úl
A10-1,B4 A10,"""Puntuación Total 59% / En Desarrollo"" — puntaje calculado mapeado a la banda de madurez 0-4.",READY,NONE,1-agent,,,,,,,,n/a,"Reproduced empirically by running the real code (calculateAssessmentScores) against the Santa Marta seed responses for instance ""3a"": totalScore = 58.55, Math.round → 59; scoreToLe"
A10-2,B4 A10,"""Expectativa Año 2 GT: Cumple. Nivel esperado: Incipiente.""",BROKEN,P1,1-agent,M,BACKLOG-P1,,,,,,PENDIENTE,Half of the promise holds. The YEAR is genuinely the school's implementation year: lib/services/assessment-builder/autoAssignmentService.ts:74 reads school_transversal_context.impl
A10-3,B4 A10,"""Indicadores 19/19 sobre la expectativa.""",BROKEN,P1,1-lens,S,BACKLOG-P1,,,,,,PENDIENTE,The counter is structurally incapable of showing anything other than N/N. lib/services/assessment-builder/scoringService.ts:195-198 computes isAboveExpectation: indicator.expectedL
A10-4,B4 A10,"""Fortaleza: Aprendizaje Basado en Proyectos"" y ""Área de mejora: Metacognición y agencia"" — derivadas automáticamente, ""no lo escribió nadie a mano"".",READY,P2,1-agent,,,,,,,,n/a,"Genuinely derived, with no manual-entry path. pages/api/docente/assessments/[instanceId]/results.ts:214-218 reduces summary.moduleScores to the max moduleScore (strongestModule) an"
A10-5,B4 A10,"""Análisis de Brechas - Año 2, Expectativas GT"" con Adelante 15, En camino 4, Atrasado 0, Crítico 0.",BROKEN,P1,1-agent,M,BACKLOG-P1,,,,,,PENDIENTE,"The panel renders and the four stage numbers reproduce EXACTLY — I ran the real calculateAssessmentGapAnalysis over the seeded 3a responses and got {ahead: 15, onTrack: 4, behind: "
A10-6,B4 A10,"Los gráficos ""Puntuación por Práctica Generativa"" y ""Perfil de Competencias"" se renderizan.",READY,P2,1-agent,,,,,,,,n/a,components/assessment/results/ResultsCharts.tsx:41 renders the bar-chart heading as `Puntuación por ${ENTITY_LABELS.module}` and types/assessment-builder.ts:120 defines module: 'Pr
A10-7,B4 A10,"Tabla de detalle por práctica: ""70% Aprendizaje Basado en Proyectos, Avanzado, 5 indicadores"" con filas INDICADOR / CATEGORIA / RESPUESTA (Sí, ""2 - En",BROKEN,P1,1-agent,M,BACKLOG-P1,,,,,,PENDIENTE,Every literal on the claim is reproduced. Running the real code on 3a gives ABP moduleScore exactly 70.00 with 5 indicators; components/assessment/results/ModuleResultCard.tsx:55 p
A10-8,B4 A10,El puntaje debe ser confiable dada la compuerta de cobertura: qué aporta a la Puntuación Total una práctica declarada no implementada.,BROKEN,P0,2-lens,M,B1c,fix/gate-score,Brent,Docente,,,PENDIENTE,"What the gate does to the score (verified by running the real code on seeded instance 3b, where APR-3.1 = No and the rest of Metacognición is unanswered): the práctica scores 0.00 "
A11-1,B4 A11,"El colegio completo, SIN PEDIRLE EL DATO A NADIE — la directora ve resultados agregados sin recolectar datos manualmente.",BROKEN,P0,2-lens,S,B6b,fix/nav-dir,Brent,Directora,,,PENDIENTE,The aggregation itself is real and server-side: pages/api/directivo/assessments/school-results.ts:99-121 pulls every `assessment_instances` row with `school_id = <her school>` and 
A11-2,B4 A11,"Encabezado: ""Año de transformación: 2 (Nivel esperado: Incipiente)"" con botón ""Actualizar"".",BROKEN,P1,1-agent,S,BACKLOG-P1,,,,,,PENDIENTE,Both elements exist. pages/directivo/assessments/dashboard.tsx:298-305 renders `Año de transformación: {schoolResults?.transformationYear || 1}` plus `(Nivel esperado: {schoolResul
A11-3,B4 A11,"Cuatro tarjetas: Promedio General 46% / En Desarrollo; Evaluaciones 3 completadas; Áreas 1 evaluadas; ""Cumplen Expectativa 3/14 cursos"".",BROKEN,P1,2-lens,M,BACKLOG-P1,,,,,,PENDIENTE,All four tiles render as demoed (dashboard.tsx:358-412): Promedio General = `Math.round(overall.avgScore)%` + `overall.levelLabel`; Evaluaciones = `overall.totalInstances`; Áreas =
A11-4,B4 A11,Dos pestañas: Vista General y Por Curso.,CONDITIONAL,P1,1-agent,S,B9b,DATOS — sin merge,SIN ASIGNAR — BLOQUEANTE,Onboarding,,,PENDIENTE,Both tabs exist and switch correctly: pages/directivo/assessments/dashboard.tsx:330-353 renders the nav with 'Vista General' (:340) and 'Por Curso' (:350) bound to `setActiveTab('o
A11-5,B4 A11,"Gráfico de barras ""Promedio por Vía de Transformación"" y ""Detalle por Área"".",CONDITIONAL,P2,1-agent,S,B9b,DATOS — sin merge,SIN ASIGNAR — BLOQUEANTE,Onboarding,,,PENDIENTE,"Both exist and are wired to real data. The bar chart is at pages/directivo/assessments/dashboard.tsx:417-444 with the exact heading 'Promedio por Vía de Transformación' (:419), fed"
A11-6,B4 A11,"Advertencia del presentador: ""Este panel PROMEDIA todas las aplicaciones completadas; NO compara una con otra. No digas que muestra evolución.""",READY,NONE,1-agent,,,,,,,,n/a,"The caveat is accurate. pages/api/directivo/assessments/school-results.ts:99-121 selects every instance with status='completed' for the school with NO date, version or application-"
A11-7,B4 A11,Alcance: una directora ve solo su propio colegio; un consultor/admin ve los colegios que tiene asignados.,BROKEN,P1,1-agent,M,BACKLOG-P1,,,,,,PENDIENTE,Directora half — CORRECT. In both endpoints `req.query.school_id` is read ONLY inside the isAdmin branch; for a non-admin the school is taken from her own role row: school-results.
A12-1,B4 A12,Cada practica generativa tiene un indicador de categoria TRASPASO.,REFUTED,NONE,1-lens,,,,,,,,n/a,"La categoria existe en el esquema: supabase/migrations/00000000000000_baseline.sql:6016 CHECK category IN ('cobertura','frecuencia','profundidad','traspaso','detalle'). PERO no hay"
A12-2,B4 A12,"Ese indicador pide DOS cosas: un enlace a la evidencia y la respuesta a '¿Con la experiencia adquirida, que mejoras sugieres para la implementacion de",BROKEN,P1,1-agent,S,BACKLOG-P1,,,,,,PENDIENTE,Ambos campos existen: components/assessment/inputs/TraspasoInput.tsx:19-22 (input type=url 'Link a carpeta con evidencia') y :37-41 (textarea 'Mejoras sugeridas'). El texto literal
A12-3,B4 A12,Lo que el profesor aprendio queda escrito en el lugar donde el profesor que llegue el proximo ano lo va a encontrar.,MISSING,P2,1-lens,L,BACKLOG-P2,,,,,,PENDIENTE,No existe ninguna via de lectura. Busqueda exhaustiva: `evidence_link`/`improvement_suggestions` se consumen unicamente en components/assessment/IndicatorInput.tsx:99 (que renderiz
A12-4,B4 A12,"Cada evaluacion queda SELLADA a la version del instrumento con que se respondio, con su ano y su curso. Si la Fundacion mejora el instrumento en marzo",BROKEN,P0,2-lens,L,B5,fix/snapshot,Brent,Madre Superiora,,,PENDIENTE,"La mitad buena: assessment_instances.template_snapshot_id es NOT NULL con FK ON DELETE RESTRICT (baseline.sql:15809) a assessment_template_snapshots.snapshot_data (jsonb, baseline."
A12-5,B4 A12,"Si una directora llega nueva a mitad de ano: entra y encuentra el contexto, el plan con su historial, las evaluaciones selladas y el archivo de licita",CONDITIONAL,P1,1-agent,S,B9b,DATOS — sin merge,SIN ASIGNAR — BLOQUEANTE,Onboarding,,,PENDIENTE,Tres de las cuatro superficies estan correctamente ancladas al colegio y no al usuario. (a) Contexto: school_transversal_context tiene school_id con RLS por auth_is_school_directiv
A13-1,B4 A13,"Al APROBAR una sesion online, la reunion de Zoom SE CREA SOLA y se reservan las horas del contrato EN EL MISMO ACTO.",CONDITIONAL,P1,1-agent,M,B9b,DATOS — sin merge,SIN ASIGNAR — BLOQUEANTE,Onboarding,,,PENDIENTE,NOTE: branch `fix/auth-sec2` is BEHIND `main` (main is not its ancestor; main has the Z7 merge 717c2c09). Verified against main where they differ. HOURS: pages/api/sessions/[id]/ap
A13-2,B4 A13,"Todas las superficies —notificacion, recordatorio, calendario, lista del espacio colaborativo— llevan a esta pantalla, que verifica los permisos cada ",BROKEN,P1,1-lens,L,BACKLOG-P1,,,,,,PENDIENTE,RE-CHECK PER ENTRY: correct. pages/meet/session/[id].tsx:162-192 resolves access in getServerSideProps on every request via lib/utils/session-meet-access.ts (canViewSession then th
A13-3,B4 A13,El boton «Unirse a la reunion» aparece SOLO PARA QUIEN CORRESPONDE.,READY,NONE,1-agent,,,,,,,,n/a,"The join list is strictly narrower than page visibility: attendees ∪ facilitators ∪ admins (lib/utils/meeting-join-policy.ts:12-17), and an active growth-community member who passe"
A13-4,B4 A13,"Si el colegio REPROGRAMA, la reunion de Zoom se mueve sola; si la CANCELA, se elimina sola.",CONDITIONAL,P2,1-agent,S,B9b,DATOS — sin merge,SIN ASIGNAR — BLOQUEANTE,Onboarding,,,PENDIENTE,Both legs are real and are enqueued only after the source write commits. Reschedule: pages/api/sessions/[id]/index.ts:518-526 — `enqueueSessionMeetingDelete` when the modality flip
A13-5,B4 A13,"La reunion se abre en un servicio externo a GENERA, en una pestana nueva.",READY,NONE,1-agent,,,,,,,,n/a,"components/sessions/JoinMeetingButton.tsx:906-909 renders exactly 'La reunión se abre en un servicio externo a GENERA, en una pestaña nueva.' whenever no embed is active — which is"
A13-6,B4 A13,"La Fundacion gestiona el calendario completo y lo exporta (tiles, Lista/Mes/Semana, filtros, + Nueva Sesion, Exportar Calendario).",READY,NONE,1-agent,,,,,,,,n/a,pages/admin/sessions/index.tsx (identical to main): tiles at :506-518 — 'Total Sesiones' / 'Programadas' / 'Pendientes' fed by server-wide counts from /api/sessions/stats (:464-469
A13-7,B4 A13,"Despues de la sesion, el consultor marca la asistencia y escribe su informe. EN ESE MOMENTO la hora reservada pasa a CONSUMIDA.",BROKEN,P0,2-lens,M,B4d,fix/sess-close,Brent,Consultor,,,PENDIENTE,"`completeReservation` (lib/services/hour-tracking.ts:498-540) is the ONLY writer of `contract_hours_ledger.status='consumida'` in the entire tree, and its only caller is pages/api/"
A13-8,B4 A13,"NO prometido: asistencia automatica desde Zoom, grabacion, transcripcion, ni Zoom embebido dentro de GENERA.",READY,NONE,1-agent,,,,,,,,n/a,ZOOM EMBEBIDO — the presenter was right and the flag is off by default IN CODE: lib/featureFlags.ts:5-8 returns `process.env['FEATURE_ZOOM_EMBED'] === 'true'` server-side and :19-2
A13-9,B4 A13,"Estados de sesion visibles: Programada, Completada, Cancelada, Penalizada.",READY,NONE,1-agent,,,,,,,,n/a,"lib/utils/session-ui-helpers.tsx:22-33 `getStatusBadge` maps programada→'Programada', completada→'Completada', cancelada→'Cancelada' (plus Borrador / Pendiente Aprobación / En Prog"
A14-1,B4 A14,"Reporte de Horas por colegio: contrato CT-2026-SMC-014, 120 horas, Consumidas 70.0 h / Reservadas 3.0 h / Disponibles 47.0 h / Contratadas 120.0 h",BROKEN,P0,1-lens,S,B1b,PR#50 fix/horas-rep,Brent,Directora,,,PENDIENTE,"On `main`, lib/services/school-hours-report.ts:133 selects `is_annexo` from `contratos`. That column does not exist: supabase/migrations/00000000000000_baseline.sql:7903 defines `"""
A14-2,B4 A14,"Desglose por bucket: Asesoria Tecnica Online, Asesoria Tecnica Presencial, Asesoria Directiva Online — cada uno con consumidas / reservadas / disponib",CONDITIONAL,P1,1-agent,S,B9b,DATOS — sin merge,SIN ASIGNAR — BLOQUEANTE,Onboarding,,,PENDIENTE,The UI is built exactly as described and is correct. components/hours/SchoolHoursReport.tsx:195-208 renders the three-cell grid labelled Consumidas / Reservadas / Disponibles; :210
A14-3,B4 A14,"Cuando un bucket baja del 25 por ciento disponible, la plataforma lo marca en ambar. Nadie se entera en diciembre de que se le acabaron las horas en s",BROKEN,P1,1-agent,M,BACKLOG-P1,,,,,,PENDIENTE,FIRST HALF — TRUE. components/hours/SchoolHoursReport.tsx:43-47: `if (available <= 0) return 'exhausted'; if (allocated > 0 && (available / allocated) * 100 < 25) return 'warning';
A14-4,B4 A14,Descargar Reporte PDF y Descargar CSV funcionan y coinciden con la pantalla,BROKEN,P1,1-agent,M,BACKLOG-P1,,,,,,PENDIENTE,"TODAY, NEITHER BUTTON EXISTS. Both are inside `{data && data.programs.length > 0 && (...)}` (components/hours/SchoolHoursReport.tsx:525-542), and when the API 500s the component re"
A14-5,B4 A14,"Lado consultora: horas ejecutadas, penalizadas, total horas, tarifa EUR/h, Total EUR, Total CLP, con TC 897 CLP/EUR actualizado 22 ago 2026, filtro po",BROKEN,P1,1-agent,L,BACKLOG-P1,,,,,,PENDIENTE,"THE COMPONENT IS BUILT AND CORRECT. components/hours/ConsultantEarningsDashboard.tsx:389-411 renders exactly the promised columns — Tipo de Hora, Hs. Ejecutadas, Hs. Penalizadas, T"
A14-6,B4 A14,"Todo esto se abre sesion por sesion —fecha, consultor, horas, asistencia— y se descarga en PDF y en Excel",BROKEN,P1,1-lens,M,B4d,fix/sess-close,Brent,Directora,,,PENDIENTE,"Three of the four columns work. components/hours/SchoolHoursReport.tsx:224-271 is the drill-down table: Fecha (:242-246), Consultor (:247), Título, Horas (:249), Estado, Asistencia"
A14-7,B4 A14,El libro de horas es el mismo libro que sostiene la rendicion de la Ley SEP,MISSING,P1,1-agent,XL,BACKLOG-P1,,,,,,PENDIENTE,"Nothing in the repository connects the hours ledger to a Ley SEP rendición. The string 'Ley SEP' appears exactly once, as a subtitle on the procurement list: pages/licitaciones/ind"
A15-1,B4 A15,La Red Santa Marta es una ENTIDAD DE LA PLATAFORMA con sus ocho escuelas asignadas; pantalla Gestion de Redes con Total Redes / Escuelas Asignadas / S,BROKEN,P0,1-lens,S,B2a,fix/red-super,Brent,Madre Superiora,,,PENDIENTE,"The entity is real: supabase/migrations/00000000000000_baseline.sql:10491 defines `redes_de_colegios` (columns id, **nombre**, descripcion, created_by, created_at, updated_at, last"
A15-2,B4 A15,"Esto es lo que ve la supervisora de red cuando entra con su cuenta: Dashboard de Reportes con Acceso Nivel Red — Total Usuarios 21, Usuarios Activos 1",CONDITIONAL,P0,1-agent,M,B9b,DATOS — sin merge,SIN ASIGNAR — BLOQUEANTE,Madre Superiora,,,PENDIENTE,"The screen and the five KPI cards are real and in the promised order: pages/reports.tsx:348 title 'Dashboard de Reportes', :184 `setUserScope('Acceso Nivel Red')` for supervisor_de"
A15-3,B4 A15,"Tabs del dashboard: Resumen General, Analytics, Rutas de Aprendizaje, Comunidades, Escuelas, Cursos",BROKEN,P0,2-lens,L,B6c,fix/net-tabs,Brent,Madre Superiora,,,PENDIENTE,"All six tabs are rendered (pages/reports.tsx:376-383), so all six are clickable. Four of the six fail. [OK] Resumen General — pages/api/reports/overview.ts, network-scoped, works ("
A15-4,B4 A15,"Progreso de Usuarios: tabla por usuario con Usuario, Rol, Cursos, Completados, Tasa, Tiempo, Ultima Actividad, y Exportar",BROKEN,P1,1-agent,S,BACKLOG-P1,,,,,,PENDIENTE,"Every promised column is present, in order, in pages/reports.tsx:499-576: Usuario (name + email, clickable to the detail modal), Rol, Cursos, Completados, Tasa (StatusBadge with pr"
A15-5,B4 A15,"Reportes Detallados de Progreso: 'Datos Filtrados por Rol — Como supervisor_de_red, solo puedes ver datos de escuelas de tu red asignada' — el filtrad",READY,NONE,1-agent,,,,,,,,n/a,"The banner is literally that string: pages/detailed-reports.tsx:406-418 renders 'Como <strong>{userRole}</strong>, solo puedes ver datos de {getReportScopeDescription(userRole).toL"
A15-6,B4 A15,"Persona por persona, con su colegio al lado, su avance, sus tareas, sus lecciones, su tiempo — incluyendo 'en el curso de induccion Talca va en 71 por",CONDITIONAL,P1,1-agent,M,B9b,DATOS — sin merge,SIN ASIGNAR — BLOQUEANTE,Onboarding,,,PENDIENTE,"The per-person half is genuinely delivered, and on the page she will actually reach from the sidebar. pages/detailed-reports.tsx:686-760 renders one row per user with Usuario (name"
A15-7,B4 A15,Esto funciona 'desde UNA CUENTA' para la congregacion,CONDITIONAL,P0,1-agent,S,B9b,DATOS — sin merge,SIN ASIGNAR — BLOQUEANTE,Madre Superiora,,,PENDIENTE,"The one-account model is what the code implements. A single `user_roles` row carrying role_type='supervisor_de_red' + red_id is the sole scope carrier, and every consumer derives t"
A15-8,B4 A15,"FUTURE_DISCLOSED: (a) el panel comparativo de la red — ocho colegios lado a lado en frecuencia, completitud y salud del proceso; 'los datos, el rol y ",FUTURE_DISCLOSED,P2,1-agent,,,,,,,,n/a,"Both are genuinely absent, so the disclosure itself was honest. (a) No comparison panel exists: grep for 'comparativ' across pages/, components/ and lib/ returns nothing; no screen"
B02-1,B5 B02-B03,"Siete pasos (Creacion, Publicacion, Bases, Propuestas, Evaluacion, Adjudicacion, Contrato) con estados verde/ambar/candado; es una maquina de estados ",READY,P2,1-agent,,,,,,,,n/a,"Stepper is exactly the seven promised labels: pages/licitaciones/[id].tsx:55-63. Visual states are real: green `bg-green-500` when `step.number < activeStep`, amber `bg-yellow-400`"
B02-2,B5 B02-B03,"La ficha de creacion (Numero LIC-2026-SMC-001, Programa, Ano, Correo, Monto min/max UF, Duracion min/max meses, Peso tecnico %, Peso economico %, Clie",BROKEN,P1,1-lens,M,BACKLOG-P1,,,,,,PENDIENTE,"Every named field exists on the form (pages/licitaciones/nueva.tsx): Escuela :320, Ano de Licitacion :336, Cliente vinculado preview with nombre legal/RUT/representante/comuna :356"
B03-1,B5 B02-B03,Cada plazo se calcula en DIAS HABILES CHILENOS: salta fines de semana y FERIADOS.,CONDITIONAL,P0,1-agent,S,B8b,fix/feriados,Brent + agente BD,Encargado Lic.,,,PENDIENTE,"The algorithm is correct. `isWeekend` (lib/businessDays.ts:23-26) and `isHoliday` (:32-35, date-only string compare) feed `addBusinessDays` (:43-53), which advances one calendar da"
B03-2,B5 B02-B03,Cadencia legal: Publicacion -> +5 dias bases -> +3 consultas -> +5 propuestas -> +3 evaluacion.,READY,NONE,1-agent,,,,,,,,n/a,"`calculateLicitacionTimeline` (lib/businessDays.ts:67-90) implements exactly the stated chain: `fecha_limite_solicitud_bases = addBusinessDays(fechaPublicacion, 5)` (:77), `fecha_l"
B03-3,B5 B02-B03,Panel 'Acciones Requeridas (1): LIC-2026-SMC-001 — Completar evaluacion' arriba del listado.,CONDITIONAL,P1,1-agent,L,B9b,DATOS — sin merge,SIN ASIGNAR — BLOQUEANTE,Onboarding,,,PENDIENTE,"The panel is real and matches the stage copy character for character. pages/licitaciones/index.tsx:417-437: heading `Acciones Requeridas ({actionableLicitaciones.length})` at :421,"
B03-4,B5 B02-B03,'Proximos Vencimientos (proximos 3 dias habiles): LIC-2026-SMC-001 — Plazo de evaluacion: 22/08/2026 HOY' en rojo. El problema viene a buscarte apenas,BROKEN,P2,1-lens,M,BACKLOG-P2,,,,,,PENDIENTE,The panel exists (pages/licitaciones/index.tsx:440-461) with the exact heading 'Próximos Vencimientos (próximos 3 días hábiles)' (:445) and a red bold `HOY` when `days_remaining ==
B03-5,B5 B02-B03,"El calendario legal lo lleva la plataforma, NO LA MEMORIA. ¿Quien se acuerda de los plazos? NADIE: los lleva la plataforma.",BROKEN,P1,1-lens,M,B8a,fix/lic-cron,Brent,Encargado Lic.,,,PENDIENTE,"There is no cron. `vercel.json` declares exactly four crons — `/api/cron/zoom-ticker` (* * * * *), `/api/cron/zoom-reconcile` (0 * * * *), `/api/cron/recovery-outbox` (* * * * *), "
B03-6,B5 B02-B03,"Filtros del listado: Estado, Ano, Programa, checkbox 'Mostrar historicas (licitaciones cerradas)'; columnas NUMERO, NOMBRE, ESTADO, ACCION REQUERIDA, ",BROKEN,P2,1-agent,S,BACKLOG-P2,,,,,,PENDIENTE,Everything named is present. Checkbox 'Mostrar históricas' with the '(licitaciones cerradas)' sub-label: pages/licitaciones/index.tsx:472-484. Filters: Estado :486-500 (options fro
B04-1,B5 B04-B08,"Comision Evaluadora: tres miembros con Nombre (obligatorio), RUT y Cargo; mas Datos de la Reunion (fecha, hora inicio, hora fin).",BROKEN,P1,1-agent,M,BACKLOG-P1,,,,,,PENDIENTE,"Form is exactly as demoed: pages/licitaciones/[id]/evaluacion.tsx:184-188 fixes 3 committee slots; :711-765 renders Nombre (marked *), RUT (Chilean RUT validated via utils/rutValid"
B04-2,B5 B04-B08,"Los criterios tecnicos suman cien puntos (experiencia ATE, metodologia, experiencia de profesionales, recursos, evaluacion de otros sostenedores), cad",BROKEN,P1,1-agent,M,BACKLOG-P1,,,,,,PENDIENTE,"Configurable: yes — pages/admin/licitaciones/criterios.tsx + pages/api/admin/licitaciones/criterios.ts (admin-only, :42-44) do full CRUD on programa_evaluacion_criterios; DELETE is"
B04-3,B5 B04-B08,"El ranking en tiempo real se recalcula solo, ya ponderado 70 tecnica / 30 economica; columnas ATE, Tec., Eco., T.Pond., E.Pond., Total, con el lider d",READY,NONE,1-agent,,,,,,,,n/a,"pages/licitaciones/[id]/evaluacion.tsx:100-161 RankingPanel renders exactly the six promised columns (:129-133 'Tec.', 'Eco.', 'T.Pond.', 'E.Pond.', 'Total') and stars the leader ("
B04-4,B5 B04-B08,"La plataforma genera el Acta de Reunion en Word desde la plantilla del programa, igual que las Bases y la Carta de Adjudicacion.",CONDITIONAL,P1,1-agent,M,B9b,DATOS — sin merge,SIN ASIGNAR — BLOQUEANTE,Onboarding,,,PENDIENTE,"All three produce genuine .docx via the `docx` package: lib/actaGenerator.ts:494 `Packer.toBuffer(doc)`, lib/cartaGenerator.ts:191, lib/docxGenerator.ts:655; each API uploads with "
B04-5,B5 B04-B08,"El acta se firma, se sube, y recien ahi el estado avanza. No hay atajo.",READY,NONE,1-agent,,,,,,,,n/a,Hard server-side prerequisite: lib/licitacionService.ts:623-639 — before allowing evaluacion_pendiente -> adjudicacion_pendiente it counts licitacion_documentos WHERE tipo = 'evalu
B05-1,B5 B04-B08,"Las carpetas del Archivo Historico: Publicaciones, Bases, Propuestas, Evaluacion, Adjudicacion, Anexos — mas la constancia de rendicion de la Ley SEP.",READY,NONE,1-agent,,,,,,,,n/a,"components/licitaciones/ArchiveView.tsx:21-29 defines the buckets in order: Publicaciones (publicacion_imagen), Bases (bases_generadas + bases_enviadas), Propuestas (propuesta), Ev"
B05-2,B5 B04-B08,Cada archivo tiene registrado quien lo subio y cuando. No hay documentos anonimos ni versiones sueltas.,BROKEN,P1,1-agent,M,BACKLOG-P1,,,,,,PENDIENTE,"The data IS captured: licitacion_documentos.uploaded_by REFERENCES profiles(id) + created_at (migration TABLE 9); every writer sets it — upload.ts:178, generate-acta.ts:197, genera"
B05-3,B5 B04-B08,"PDF, Word o imagen — hasta 25 MB (restriccion mostrada en pantalla).",BROKEN,P1,1-lens,L,BACKLOG-P1,,,,,,PENDIENTE,"On-screen text matches: components/licitaciones/ArchiveView.tsx:210 'PDF, Word o imagen · hasta 25 MB'; components/licitaciones/Step7Contrato.tsx:280 'PDF, Word o imagen — max 25 M"
B05-4,B5 B04-B08,"Arriba hay un boton DESCARGAR TODO: baja un ZIP con la licitacion completa, ordenada en las mismas carpetas numeradas.",BROKEN,P1,1-lens,M,BACKLOG-P1,,,,,,PENDIENTE,"The API is sound and does NOT silently drop missing files: pages/api/licitaciones/[id]/download-zip.ts enforces RBAC + school scope (:74-96), guards total size (:113-124, :155-161)"
B05-5,B5 B04-B08,"Si manana llega el Ministerio y pide la carpeta de la licitacion 2022, la respuesta es un clic.",BROKEN,P2,1-lens,S,BACKLOG-P2,,,,,,PENDIENTE,"Readability is fine: a 'cerrada' record is selectable by the encargado regardless of estado (RLS policy licitaciones_encargado_select scopes only on school_id, migration 2026022004"
B06-1,B5 B04-B08,Las antiguas no se pierden: se importan con sus documentos y quedan guardadas como archivo historico ('Importar historica').,CONDITIONAL,P1,1-agent,M,B9b,DATOS — sin merge,SIN ASIGNAR — BLOQUEANTE,Onboarding,,,PENDIENTE,The button exists and works for both roles: pages/licitaciones/index.tsx:395-402 'Importar historica' -> pages/licitaciones/importar.tsx; POST /api/licitaciones with estado='cerrad
B06-2,B5 B04-B08,"Se exporta a Excel con diecinueve columnas: la ATE que se adjudico, el monto, el contrato asociado.",BROKEN,P1,1-agent,M,BACKLOG-P1,,,,,,PENDIENTE,"Nineteen columns is exact — lib/licitacionesExport.ts:52-72 lists Numero, Escuela, Programa, Nombre, Estado, Ano, Fecha Publicacion, Fecha Limite Bases, Fecha Limite Propuestas, Fe"
B06-3,B5 B04-B08,"Cuando cambia la direccion de un colegio, este historial no se va con nadie. Se queda en el colegio.",BROKEN,P1,1-agent,L,BACKLOG-P1,,,,,,PENDIENTE,A HARD DELETE ENDPOINT EXISTS AND IS WIRED TO A BUTTON. pages/api/licitaciones/[id].ts:154-211 handleDelete removes every storage object (:188-194) then `.delete()` on licitaciones
B07-1,B5 B04-B08,"Se adjudica y de ahi sale el contrato ya pre-cargado: el cliente, el programa, el monto en UF. Nadie vuelve a tipear esos datos.",READY,NONE,1-agent,,,,,,,,n/a,"components/licitaciones/Step7Contrato.tsx:163-172 navigates to /contracts?tab=nuevo&licitacion_id=<id>, enabled only when the carta de adjudicacion is uploaded (:128-131). pages/co"
B08-1,B5 B04-B08,"Este modulo lo ven solo dos: la Fundacion y el Encargado de Licitacion de cada colegio, que ve y opera solo el suyo. Con equipo directivo, ustedes no ",READY,NONE,1-agent,,,,,,,,n/a,"SIDEBAR: components/layout/Sidebar.tsx:528 gates the whole 'Gestion' group with restrictedRoles ['admin','community_manager','encargado_licitacion'] and :584 gates the 'Procesos' i"
B08-2,B5 B04-B08,Ese rol lo asigna el propio equipo directivo del colegio.,READY,NONE,1-agent,,,,,,,,n/a,"utils/roleUtils.ts:442-448 SCHOOL_SCOPED_ROLES includes 'encargado_licitacion'; :471 ED_ASSIGNABLE_ROLES = SCHOOL_SCOPED_ROLES; :513-518 ED_CREATE_USER_ROLES = ['docente','equipo_d"
QA-1,B5 B04-B08,"¿Donde estan las facturas? En el modulo de contratos, por cuota, con marca de pagada. No dentro de licitaciones.",REFUTED,NONE,1-lens,,,,,,,,n/a,"The feature itself exists and is per-cuota: public.cuotas carries factura_url, factura_pagada, factura_filename, factura_size, factura_type, factura_uploaded_at and pagada (supabas"
QA-2,B5 B04-B08,¿Y si me equivoco al cargar un documento? Queda registrado quien subio que y cuando; se corrige subiendo la version correcta.,BROKEN,P1,1-agent,M,BACKLOG-P1,,,,,,PENDIENTE,"The correction half works: there is no uniqueness constraint on (licitacion_id, tipo) in licitacion_documentos (migration TABLE 9 — only two non-unique indexes), pages/api/licitaci"
SWEEP-NONFUNCTIONAL-BUNDLE-WEIGHT,cross,"Regla del proyecto (CLAUDE.md): «debe funcionar en hardware escolar antiguo (navegadores de gama baja, pantallas pequeñas)».",BROKEN,P2,1-agent,S,BACKLOG-P2,,,,,,PENDIENTE,"Measured from the committed build (.next/build-manifest.json, uncompressed bytes summed over every chunk the manifest lists for the route): /reports 1,304 KB /detailed-reports 962 "
SWEEP-NONFUNCTIONAL-DEADLINE-ALERTS,cross,«Notificaciones automáticas de plazos» en licitaciones — panel «Próximos Vencimientos» con marcas HOY / mañana. «Nada se pasa.»,BROKEN,P1,1-lens,L,BACKLOG-P1,,,,,,PENDIENTE,"Three independent breaks, all on main. (a) THE EMAIL IS A TODO STUB. lib/notificationService.ts:1131-1137: ``` async handleEmailNotification(notificationData, notificationId, frequ"
SWEEP-NONFUNCTIONAL-EMAIL-DELIVERABILITY-INFRA,cross,El correo del resumen de reunión y las alertas de plazo llegan a las casillas institucionales de los ocho colegios.,MISSING,P1,1-agent,L,BACKLOG-P1,,,,,,PENDIENTE,"No bounce handling, no retry, no suppression list, no delivery evidence for any of the emails the deck promises. BOUNCES. pages/api/webhooks/resend.ts is the only Resend webhook in"
SWEEP-NONFUNCTIONAL-EMAIL-FROM-CONTRACT,cross,El correo sale «de GENERA» a los correos institucionales de los colegios.,BROKEN,P0,1-lens,S,B3b,fix/mail-truth,Brent,Ingeniería,,,PENDIENTE,"One env var, `EMAIL_FROM_ADDRESS`, is consumed with two mutually incompatible contracts: • BARE-ADDRESS contract — lib/emailService.js:8 `const FROM_EMAIL = process.env.EMAIL_FROM_"
SWEEP-NONFUNCTIONAL-EMAIL-MEETING-SUMMARY,cross,«Al finalizar la reunión se envía un resumen por correo a toda la comunidad» — con acuerdos y compromisos (responsable + plazo).,BROKEN,P0,1-lens,M,B3b,fix/mail-truth,Brent,Directora,,,PENDIENTE,lib/emailService.js:37-48 — `await resend.emails.send({...}); sent += 1;`. The return value is discarded. node_modules/resend/dist/index.js:350-388 (`fetchRequest`) proves the SDK 
SWEEP-NONFUNCTIONAL-ERROR-SURFACES-REPORTES,cross,Las pantallas de la Madre Ana María: `/reports` «Resumen General · Acceso Nivel Red» y `/detailed-reports` «Escuelas de tu red asignada».,BROKEN,P1,1-agent,M,BACKLOG-P1,,,,,,PENDIENTE,Raw English API text is rendered straight to the user on both of the two screens the deck designates as the supervisora's working surfaces. /detailed-reports: pages/detailed-report
SWEEP-NONFUNCTIONAL-LICITACIONES-ES-CL,cross,"Bloque 5 · «Impecabilidad administrativa»: el módulo de Licitaciones Ley SEP y los documentos oficiales que genera (Bases, Acta de Reunión, Carta de A",BROKEN,P1,1-agent,M,BACKLOG-P1,,,,,,PENDIENTE,"The licitaciones module has essentially no Spanish accents, and neither do two of the three official Word documents it produces. UI — accented-character line counts per file: pages"
SWEEP-NONFUNCTIONAL-OBSERVABILITY,cross,"Implícito en «las directoras entran la próxima semana»: si algo se rompe un lunes a las 8am, alguien se entera.",BROKEN,P1,1-lens,S,B1a,fix/observ,Brent,Privacidad,,,PENDIENTE,"Sentry is fully configured and never initialised. sentry.client.config.ts, sentry.server.config.ts and sentry.edge.config.ts all exist and are substantial (sampling, PII scrubbing,"
SWEEP-NONFUNCTIONAL-PRIVACY-RBAC,cross,Ley 21.719: ningún dato personal de estudiantes se expone; cada rol ve solo lo que le corresponde.,READY,P2,1-agent,,,,,,,,n/a,"No student-identifiable data can appear on any surface shown, and the network scoping is correctly implemented — verified rather than assumed. NO STUDENT ROLE EXISTS. types/roles.t"
SWEEP-NONFUNCTIONAL-PROD-SECRETS-UNIGNORED,cross,"Higiene operativa del entorno de demo creado para la jornada (no es una promesa a las directoras, pero condiciona la semana 1).",BROKEN,P1,1-agent,S,BACKLOG-P1,,,,,,PENDIENTE,`.env.local.prod-backup-20260822` sits untracked in the working tree (`git status` lists it as `??`) and is NOT ignored: `git check-ignore -v .env.local.prod-backup-20260822` exits
SWEEP-NONFUNCTIONAL-RESPONSIVE,cross,"Pantallas densas (Reporte de Horas, Sesiones de Consultoría, stepper de licitaciones de 7 pasos, Reportes Detallados) usables en pantallas pequeñas.",READY,P2,1-agent,,,,,,,,n/a,"Checked directly; the small-screen handling is real, not assumed. Shell: components/layout/MainLayout.tsx has a genuine mobile drawer — :222 `window.innerWidth >= 1024` breakpoint,"
SWEEP-ONBOARDING-DATA-01,cross,"""Lo que les voy a mostrar son PANTALLAS REALES, con DATOS DE PRUEBA"" + ""ustedes van a entrar LA PROXIMA SEMANA""",CONDITIONAL,P0,1-agent,XL,B9b,DATOS — sin merge,SIN ASIGNAR — BLOQUEANTE,Onboarding,,,PENDIENTE,"The screens were driven by `scripts/demo/seed-sm/` (6 modules, ~250KB of TypeScript) writing 73 distinct tables. `scripts/demo/seed-sm/lib.ts:18` defines LOCAL_HOSTS = {127.0.0.1, "
SWEEP-ONBOARDING-DATA-02,cross,Ocho colegios van a entrar a la plataforma (implica crear las cuentas de directoras y docentes),BROKEN,P1,1-lens,M,B9b,DATOS — sin merge,SIN ASIGNAR — BLOQUEANTE,Onboarding,,,PENDIENTE,"`main` is what auto-deploys. On `main`, `pages/api/admin/bulk-create-users.ts:547-550` reads `let finalPassword = globalPassword || userData.password; if (!finalPassword || finalPa"
SWEEP-ONBOARDING-DATA-03,cross,Las directoras van a recibir su acceso a la plataforma,REFUTED,NONE,2-lens,,,,,,,,n/a,Neither admin-driven creation path sends any e-mail. `pages/api/admin/bulk-create-users.ts` imports no mail transport on either branch; its only output is `credentials` in the HTTP
SWEEP-ONBOARDING-DATA-04,cross,"Contrato CT-2026-SMC-014, programa Evolucion Cultural, y el proceso de licitacion LIC-2026-SMC-001 mostrados en pantalla",REFUTED,NONE,1-lens,,,,,,,,n/a,`programas` is the parent of both `contratos.programa_id` and `programa_bases_templates.programa_id` / `programa_evaluacion_criterios`. Every reference to it in the application is 
SWEEP-ONBOARDING-DATA-05,cross,"Panel de resultados de evaluaciones y plan de migracion por nivel, por colegio",BROKEN,P1,1-agent,M,BACKLOG-P1,,,,,,PENDIENTE,`ab_grades` is the level catalogue (Medio Menor … 4° Medio). `supabase/migrations/00000000000000_baseline.sql:5676-5708` creates the table and its sequence; the file contains no CO
SWEEP-ONBOARDING-DATA-06,cross,Reportes de aprendizaje y avance de rutas formativas (pantallas /reports y /mi-aprendizaje de la Madre y de la docente),BROKEN,P1,1-agent,M,BACKLOG-P1,,,,,,PENDIENTE,"`scripts/demo/seed-sm/60-lms.ts:641-712` does not seed data — it CREATES DATABASE OBJECTS: `create or replace view user_learning_path_summary` (line 642), `create or replace view l"
SWEEP-ONBOARDING-DATA-07,cross,La Madre Superiora entra como Lider de Red y ve los ocho colegios; la directora ve su colegio y su licitacion,CONDITIONAL,P1,1-agent,S,B9b,DATOS — sin merge,SIN ASIGNAR — BLOQUEANTE,Onboarding,,,PENDIENTE,"The public sign-up form's school list is derived by exact name match: `lib/signups.ts:6` `SANTA_MARTA_NETWORK_NAME = 'Santa Marta'`, `lib/signups.ts:101-120` selects `redes_de_cole"
SWEEP-PRIOR-AUDIT-01,cross,«main consulta contratos.is_annexo; la columna real es is_anexo» — el informe previo dice que PR #50 lo corrige pero sigue sin fusionar.,CONDITIONAL,P0,1-agent,S,B1b,PR#50 fix/horas-rep,Brent,Ingeniería,,,PENDIENTE,"TRUE. En main, `git show main:lib/services/school-hours-report.ts` declara `is_annexo` en el tipo (línea 60), lo pide en el `.select()` (línea 133) y lo mapea (línea 321). El esque"
SWEEP-PRIOR-AUDIT-02,cross,«el gate de cobertura puede impedir un envío válido y puede puntuar respuestas obsoletas» y «fix/gate-score contiene ambas correcciones pero no tiene ,CONDITIONAL,P0,1-agent,M,B1c,fix/gate-score,Brent,Ingeniería,,,PENDIENTE,"TRUE, ambas mitades. `git diff main...fix/gate-score` toca exactamente 5 archivos: `pages/api/docente/assessments/[instanceId]/submit.ts` (+27/-9) y `lib/services/assessment-builde"
SWEEP-PRIOR-AUDIT-03,cross,«las notificaciones de plazo de licitación solo corren cuando un usuario autorizado abre una página de licitaciones» y «vercel.json solo agenda trabaj,BROKEN,P1,1-agent,M,BACKLOG-P1,,,,,,PENDIENTE,"TRUE, literalmente. `lib/licitacionDeadlineChecker.ts:4` dice «Page-load deadline reminder system (no cron)». Los dos únicos disparadores son `pages/licitaciones/index.tsx:168` y `"
SWEEP-PRIOR-AUDIT-04,cross,"«la ruta POST de asignación de supervisor consulta redes_de_colegios.name, y la columna es nombre».",BROKEN,P1,1-lens,S,B2a,fix/red-super,Brent,Madre Superiora,,,PENDIENTE,"TRUE, y el informe se queda corto. `supabase/migrations/00000000000000_baseline.sql:10491-10499` define `redes_de_colegios (id, nombre, descripcion, created_by, created_at, updated"
SWEEP-PRIOR-AUDIT-05,cross,"«el informe de colegios consulta schools.community_id, que no existe».",BROKEN,P1,1-agent,M,BACKLOG-P1,,,,,,PENDIENTE,"TRUE. `pages/api/reports/school.ts:114-117` hace `.from('schools').select('id, name, community_id')`. `schools` (baseline:7493-7499) tiene `id, name, has_generations, cliente_id, l"
SWEEP-PRIOR-AUDIT-06,cross,«el correo de resumen de reunión puede fallar mientras la UI afirma éxito» y «due_date es nullable y no obligatorio».,BROKEN,P1,1-lens,L,B3b,fix/mail-truth,Brent,Directora,,,PENDIENTE,"TRUE las dos, y de nuevo el informe se queda corto. (a) `pages/api/meetings/[id]/finalize.ts:302-308` devuelve `recipients_count`, `sent`, `failed`, `summary_email_sent` y `summary"
SWEEP-PRIOR-AUDIT-07,cross,"«el DELETE de administrador borra permanentemente el almacenamiento, la licitación y el historial hijo en cascada».",BROKEN,P1,1-agent,L,B8c,fix/lic-audit,Brent,Encargado Lic.,,,PENDIENTE,"TRUE, exacto. `pages/api/licitaciones/[id].ts:154` es `handleDelete`; `:193` hace `serviceClient.storage.from('licitaciones').remove(storagePaths)` sin copia; `:198-201` hace `.fro"
SWEEP-PRIOR-AUDIT-08,cross,"«la generación de ZIP devuelve éxito aunque falten archivos, dejando solo _archivos_faltantes.txt en el archivo».",BROKEN,P2,1-agent,M,BACKLOG-P2,,,,,,PENDIENTE,"TRUE. `pages/api/licitaciones/[id]/download-zip.ts:137` y `:148` empujan a `skippedFiles` tanto por ruta inválida como por fallo de descarga de Storage, y en ambos casos hacen `con"
SWEEP-PRIOR-AUDIT-09a,cross,RLS grupo A — 14 tablas legacy SIN referencias en código (cierre mecánico REVOKE+ENABLE),BROKEN,P0,2-lens,XL,B2b,fix/rls-anon,Brent + agente BD,Privacidad,,,PENDIENTE,"TRUE, y el informe se queda MUY corto en el privilegio. `PROJECT_STATE.md:292` lista las 22 por nombre y `supabase/tests/001-rls-enabled.sql:57-66` las tiene allowlisted con el com"
SWEEP-PRIOR-AUDIT-09b,cross,RLS grupo B — 8 tablas legacy REFERENCIADAS (requieren diseño de política),BROKEN,P0,2-lens,XL,B10a,fix/rls-grupo-b,Brent + agente BD,Privacidad,,,PENDIENTE,"TRUE, y el informe se queda MUY corto en el privilegio. `PROJECT_STATE.md:292` lista las 22 por nombre y `supabase/tests/001-rls-enabled.sql:57-66` las tiene allowlisted con el com"
SWEEP-PRIOR-AUDIT-10,cross,«los datos semilla de feriados 2025-2027 existen solo en una migración archivada».,CONDITIONAL,P1,1-agent,S,B8b,fix/feriados,Brent + agente BD,Encargado Lic.,,,PENDIENTE,"TRUE. `supabase/migrations/00000000000000_baseline.sql:8586` crea `feriados_chile` con índices (`idx_feriados_chile_fecha` :14148, `idx_feriados_chile_year` :14152), RLS (:20527) y"
SWEEP-PRIOR-AUDIT-11,cross,Los conteos de pruebas y el estado de CI declarados en el informe previo.,UNVERIFIABLE,P2,1-agent,S,,,,,,,n/a,"PARCIALMENTE VERIFICADO. Confirmado con gh: `gh run list --branch main` muestra el último CI de main verde el 2026-08-17 (run 32034545953, «feat(zoom): add Z7 attendance and audite"
SWEEP-PRIOR-AUDIT-12,cross,"OMISIÓN 1 — «las pestañas usan profiles.role legacy»: en realidad la columna profiles.role NO EXISTE, y tres de los cuatro endpoints devuelven 500 o 4",BROKEN,P1,1-lens,L,B6c,fix/net-tabs,Brent,Madre Superiora,,,PENDIENTE,El informe previo describe esto como un problema de consistencia y de alcance. Es un fallo duro. `public.profiles` (baseline:7449-7477) NO tiene columna `role`; el COMMENT de `prof
SWEEP-PRIOR-AUDIT-13,cross,"OMISIÓN 2 — el servicio de notificaciones NUNCA envía correo: la rama «immediate» es un TODO, y tres RPC y una tabla que invoca no existen en el esque",BROKEN,P1,2-lens,L,B10b,fix/notif-mail,Brent,Ingeniería,,,PENDIENTE,No aparece en el informe previo en ninguna forma. `lib/notificationService.ts:1131-1156` es `handleEmailNotification`. El caso por defecto es `'immediate'` y su cuerpo completo es 
SWEEP-PRIOR-AUDIT-14,cross,"OMISIÓN 3 — acuerdos, compromisos, tareas y asistentes se insertan sin comprobar el error: se pierden en silencio y la UI declara éxito; en la ruta de",BROKEN,P0,1-lens,L,B3a,fix/meet-save,Brent,Directora,,,PENDIENTE,"El informe previo dice «la base rechaza finalmente un responsable ausente», dando a entender que la usuaria ve un error. No lo ve. Ruta de CREACIÓN, `utils/meetingUtils.ts`: los cu"
SWEEP-PRIOR-AUDIT-15,cross,"OMISIÓN 4 — todo lo que vieron las directoras el 22 de agosto se sembró en un Supabase LOCAL, con un seeder no versionado que se niega por diseño a ap",REFUTED,NONE,2-lens,,,,,,,,n/a,"El informe previo lo formula como «no hubo sesión autenticada de producción disponible para esta auditoría», lo que suena a limitación del auditor. El repositorio dice algo más fue"
SWEEP-PRIOR-AUDIT-16,cross,"OMISIÓN 5 — fix/auth-sec2 NO es «main más el endurecimiento de autenticación»: le falta todo Z7 (PR #49), así que fusionarla es una integración real, ",CONDITIONAL,P1,1-agent,L,B10c,auth/rebase-z7,Brent,Seguridad,,,PENDIENTE,El informe previo trata `fix/auth-sec2` (4b87243c) como una rama de endurecimiento pendiente de revisión y nada más. Los hechos de git: `git merge-base main fix/auth-sec2` = 439994
